date,business_name,category,base_area,contact_email,status,notes
2026-08-21,myLodge Stuttgart,real-estate,stuttgart,mylodgestuttgart@gmail.com,sent,Furnished apartments near Panzer/Kelley/Patch
2026-08-21,Schlun & Elseven Rechtsanwaelte,legal-business,stuttgart,info@se-legal.de,sent,Cologne-based but serves clients German-wide incl. Stuttgart remotely
2026-08-21,International School of Stuttgart,education,stuttgart,schaiblej@issev.de,sent,cc iss@issev.de
2026-08-21,Modefriseur Muehlbauer,shopping,stuttgart,info@modefriseur-muehlbauer.de,sent,English-language site
2026-08-21,Stuttgart Expats Handyman,home-services,stuttgart,,skipped_no_email,Email obfuscated on page - use https://stuttgartexpats.com/handyman/ contact form instead
2026-08-25,Stuttgart Sparkle Services,home-services,stuttgart,services@stuttgartsparkleservices.com,sent,English-speaking cleaning company specializing in PCS move-out/move-in cleaning for U.S. military housing
2026-08-25,Deutsch-Amerikanisches Zentrum (DAZ / James-F.-Byrnes-Institut),education,stuttgart,info@daz.org,sent,Runs America Explained program for schools plus English library/advising for teens
2026-08-25,vpmk Legal Services,legal-business,stuttgart,mail@vpmk.de,sent,Stuttgart office (Blumenstrasse 32) - Immigration/Business/Private/Real Estate law practice
2026-08-25,Move Clean Pros,home-services,stuttgart,,skipped_no_email,Moving+cleaning for military PCS relocation - no published email found in search snippets; movecleanpros.de likely has contact form
2026-08-25,Downtown Apartments Stuttgart,real-estate,stuttgart,,skipped_no_email,Furnished apartments near Kelley/Patch/Robinson w/ English TV - no published email found; use downtown.apartments contact form
2026-08-25,Moehringen Apartments,real-estate,stuttgart,,skipped_no_email,Furnished/serviced apartments near Kelley Barracks - no published email found; phone 0711 41010150 or moehringen.apartments contact form
2026-08-25,americanfoodclub.de,shopping,stuttgart,,researched,Online American snacks/import shop - worth a follow-up search for a real contact email next run
2026-08-26,SPIC AND SPAN,home-services,stuttgart,info@spicandspan.de,sent,English-speaking cleaning company (DE/AT/SE) with a dedicated Stuttgart page + 24/7 English support
2026-08-26,Stuttgart Furnished Apartments (stuttgart-apts.com),real-estate,stuttgart,info@infradynamics.com,sent,Furnished apartments in Vaihingen - listings show exact distance to Patch (1.5km)/Panzer (9.7km)/Kelley (13km)/Robinson (22.7km) barracks
2026-08-26,Executive Suites Stuttgart,real-estate,stuttgart,info@ess.travel,sent,Serviced apartments/TDY-TLA style housing on Tuebinger Strasse - central commute to Kelley/Patch
2026-08-26,Stephan Immobilien (Iris Stephan),real-estate,stuttgart,kontakt@stephan-immobilien.info,sent,Independent 20-year agent explicitly advertises helping military personnel find homes in Stuttgart/Tuebingen area
2026-08-27,Piccadilly English Shop,shopping,stuttgart,PiccadillyEnglishShop@t-online.de,sent,"British/American specialty food+books shop near the university (Schellingstr. 11) - stocks Cadbury's chocolate/Walker's crisps/malt vinegar. BOUNCED (found 2026-08-28): hard bounce 550 5.1.1 Unknown recipient from mx02.t-online.de - address as published does not exist, needs a different contact method before re-attempting"
2026-08-27,American Store Stuttgart,shopping,stuttgart,info@americanstore-stuttgart.de,sent,American clothing/fashion shop downtown (Leonhardsplatz 18)
2026-08-27,World of Candy Stuttgart (Milaneo),shopping,stuttgart,info@world-of-candy.de,sent,International/American candy shop in the Milaneo mall near Hauptbahnhof - carries Hershey's/Reese's/Dr Pepper
2026-08-27,English Books Stuttgart,shopping,stuttgart,,skipped_no_email,Bookstore at Handwerkstr. 50 - no published email found in search; phone 0711 7802873 only
2026-08-27,US-Shop (D. und H. Guryca GmbH),shopping,stuttgart,,skipped_no_email,American streetwear/military-style clothing shop at Vaihinger Markt 14 - no published email found; phone +49 711 732624 only
2026-08-27,Patch Thrift Shop (Stuttgart Community Spouses Club),shopping,stuttgart,,skipped_no_email,Base-access-only nonprofit thrift shop on Patch Barracks - no published email found; base-access restriction also makes it a poor fit for an off-post directory listing
2026-08-28,ImmoHauf (Dennis Hauf),real-estate,kaiserslautern,info@immohauf.com,sent,English-speaking real estate agent covering Kaiserslautern/Landstuhl/Ramstein - 223+ Google reviews at 4.9/5; site explains OHA/utility allowances and Ramstein housing office listing approval
2026-08-28,Premium Realestate (David Baker),real-estate,kaiserslautern,david.baker@prem-realestate.com,sent,American-owned agent in Kaiserslautern (Lothringer Dell 25a) - fluent English/German, covers TLA/TDY rentals plus off-base homes for rent/sale near Ramstein AB
2026-08-28,Prime TLA,real-estate,kaiserslautern,info@prime-tla.com,sent,TLA/TDY housing based in Landstuhl (Kaiserstrasse 50) w/ dedicated Relocation Manager + included vehicle - 121+ Google reviews at 5/5
2026-08-28,Stay Eden,real-estate,kaiserslautern,hello@stay-eden.com,sent,Furnished TLA/TDY apartments near Ramstein AB - move-in ready w/ sauna/Weber grill/PS5/4K TV, reviewers call it a home away from home
2026-08-28,Roth TLA,real-estate,kaiserslautern,info@roth-tla.com,researched,Furnished TLA apartments in Ramstein/Steinwenden/Schwedelbach - queued for a future run, still-open confirmed but no send budget left today
2026-08-28,TLA Office,real-estate,kaiserslautern,info@tla-office.com,researched,Furnished TLA/TDY homes across Ramstein/KMC/Landstuhl w/ published guest reviews page - queued for a future run
2026-08-28,TLA Ramstein (DODSC),real-estate,kaiserslautern,bookings@tla-ramstein.com,researched,Furnished TLA apartments in Ramstein-Miesenbach/Landstuhl/Kaiserslautern area w/ included rental car - queued for a future run; alt contact info@tla-ramstein.com
2026-08-31,Flynn Family Medicine,healthcare,kaiserslautern,FrontDesk@FlynnsMedical.com,sent,American doctors offering primary care + specialty support (cardiology/neurology/behavioral health) in Ramstein-Miesenbach
2026-08-31,Dillon Orthodontic Care,healthcare,kaiserslautern,info@dillonortho.com,sent,American-certified orthodontist 25 years experience in Landstuhl - Invisalign + kids/adult treatment
2026-08-31,Lutrina Practice & Clinic,healthcare,kaiserslautern,info@lutrinaclinic-us.com,sent,Kaiserslautern orthopedic/sports medicine clinic with dedicated English-language line for American patients led by Dr. Sascha J. Hopp
2026-08-31,Counseling Germany,healthcare,kaiserslautern,intake@counseling-germany.com,sent,Telehealth-only TRICARE Overseas Program mental health practice reaching every US installation in Germany incl. Ramstein/KMC
2026-08-31,Dr. Michelle Ferrell PsyD (East to West Counseling),healthcare,kaiserslautern,mferrell@easttowestcounseling.com,researched,US-licensed clinical psychologist offering English-language telehealth counseling to Stuttgart/Kaiserslautern/Ramstein-Miesenbach/Baumholder - queued for a future run
2026-08-31,Elite Group Therapy (E.G.T. Ramstein),healthcare,kaiserslautern,,skipped_no_email,Physical/massage therapy clinic 10 min from Ramstein AB serving KMC since 2018 TRICARE/FSBP accepted - email Cloudflare-obfuscated on contact page, use https://www.elitegrouptherapy.com/contact form or booking at https://egtramstein.setmore.com/
2026-08-31,Knospe-Lerncenter Ramstein,healthcare,kaiserslautern,,skipped_no_email,TRICARE Overseas Program preferred provider for pediatric/adult ABA/speech/OT/PT serving Baumholder/Kaiserslautern/Landstuhl/Ramstein - no published email found; phone +49 5722 9098399 (EN/DE) or https://knospe-lerncenter.com/contact/ form
2026-09-01,Roth TLA,real-estate,kaiserslautern,info@roth-tla.com,sent,"Furnished TLA apartments in Ramstein/Steinwenden/Schwedelbach - re-verified still active (roth-tla.com live w/ current property listings) before sending; previously queued 2026-08-28"
2026-09-01,TLA Office,real-estate,kaiserslautern,info@tla-office.com,sent,"33 properties near Ramstein/KMC/Landstuhl Regional Medical Center, no-call-center model w/ published guest reviews page - re-verified still active before sending; previously queued 2026-08-28"
2026-09-01,TLA Ramstein (DODSC),real-estate,kaiserslautern,bookings@tla-ramstein.com,sent,"Furnished off-base lodging w/ free rental car included, pet-friendly, DoD-approved rates - re-verified still active (site live, Feb 2026 availability notes, positive testimonials) before sending; previously queued 2026-08-28"
2026-09-01,Dr. Michelle Ferrell PsyD (East to West Counseling),healthcare,kaiserslautern,mferrell@easttowestcounseling.com,sent,"US-licensed clinical psychologist, English telehealth reaching Stuttgart/Kaiserslautern/Ramstein-Miesenbach/Baumholder - re-verified drmichelleferrell.com still live before sending; previously queued 2026-08-31"
2026-09-01,Mr. Perfect Services,home-services,kaiserslautern,info@mr-perfect-services.com,sent,"NEW category opened for KMC. Founded 2014 for stress-free military PCS moves; moving/cleaning/pressure washing/junk removal/lawn care across Kaiserslautern/Ramstein/Landstuhl/Baumholder/Spangdahlem/Weilerbach/Wiesbaden; testimonials confirm English-speaking staff, active Facebook page"
2026-09-01,Clean Team Ramstein,home-services,kaiserslautern,cleanteamramstein@gmail.com,researched,"English/German/Bulgarian-speaking move-in/move-out/PCS cleaning near Ramstein - verified active (Facebook page, Contact Us page live) but no send budget left today; queued for a future run"
2026-09-02,Clean Team Ramstein,home-services,kaiserslautern,cleanteamramstein@gmail.com,sent,"Previously queued 2026-09-01; re-verified active (cleanteamramstein.eu live, Contact Us page, Facebook page current) before sending. PCS move-in/move-out cleaning, English/German/Bulgarian-speaking, based in Ramstein-Miesenbach"
2026-09-02,The Parlour,restaurants,kaiserslautern,contact@parlour-cakes.com,sent,"NEW category opened for KMC. Breakfast/lunch boutique in downtown Landstuhl (Schulstrasse 4), converted from a barber shop; Stars and Stripes feature + steady 2026 Yelp reviews confirm strong military-community following"
2026-09-02,Fiesta Mexicana,restaurants,kaiserslautern,info@fiestamexicanafood.com,sent,"Mexican restaurant in Mackenbach (Jahnstr. 26) near Ramstein AB - street tacos/gluten-free menu, 55 Yelp reviews updated May 2026, OpenTable + Tripadvisor listings show steady American patronage"
2026-09-02,KIKO Sushi & Grill,restaurants,kaiserslautern,info@kiko-kl.de,sent,"Sushi/grill restaurant in central Kaiserslautern (Europaallee 10) - koi pond ambiance, vegan/vegetarian options, 4.7 rating, featured in Tripadvisor's 2026 best-sushi list"
2026-09-02,Termeh Persian Restaurant,restaurants,kaiserslautern,info@termehfood.com,sent,"Persian restaurant in Kaiserslautern (Kaiserstrasse 10) - Stars and Stripes covered its delivery expansion for the military community; Yelp updated January 2026"
2026-09-03,United Furniture Landstuhl,shopping,kaiserslautern,service@unitedfurniture.today,sent,"NEW category opened for KMC. American-family-owned furniture store (est. 1967, Wiesbaden origin) 5 min from Ramstein Main Gate/10 min West Gate at Bahnstr. 8 Landstuhl - specializes in American-style bed sizes; active site + Yelp/Facebook, 5-year customer review confirms ongoing service quality"
2026-09-03,Tailor Shop Kaiserslautern,shopping,kaiserslautern,info@tailor-shop.de,sent,"Alterations/dry cleaning/laundry/name tapes+plates shop serving the military since 1989 across Kaiserslautern/Ramstein/Landstuhl/Sembach (Im Haderwald 4); Yelp updated August 2026, no closure signal"
2026-09-03,Alpha Buchhandlung Landstuhl,shopping,kaiserslautern,landstuhl@alpha-buch.de,sent,"Christian bookstore w/ dedicated English-language book selection + gift items (locally made wooden crosses) at Eichenstr. 61 Landstuhl, run by manager Sabine Gehrhardt; active current listings, only a seasonal Aug 10-22 closure noted, no permanent closure signal"
2026-09-03,Lachmann's (Lachmann-Schaberick Specialities),shopping,kaiserslautern,info@lachmanns.de,sent,"Engraving/trophies/awards/plaques shop since 1952 - on-base Ramstein Bldg 2113 plus an off-base Mackenbach storefront (Gartenstr. 4); ownership recently transitioned to Fiona Batista Meier per business registry but shop still operating under the Lachmann's name/email, active Facebook + Yelp Nov 2025 update"
2026-09-03,Goldschmiede Nikl,shopping,kaiserslautern,info@nikl-goldschmiede.de,sent,"Family goldsmith/jeweler in Ramstein-Miesenbach (Miesenbacher Str. 5) offering English/German service, gold buying, watch repair; active site w/ current storefront photo page, no closure signal"
2026-09-03,RESA Thrift Shop,shopping,kaiserslautern,,researched,"Ramstein Enlisted Spouses' Association thrift shop on Ramstein AB (email resa.manager@gmail.com found, so not technically no-email) - base-access-only nonprofit spouse-club shop, same poor directory fit as Patch Thrift Shop (Stuttgart) precedent; logged so it isn't re-researched, not recommended for send without owner input"
2026-09-03,KLSA Landstuhl Thrift Shop,shopping,kaiserslautern,,researched,"Kaiserslautern Landstuhl Spouses' Association thrift shop, Landstuhl Bldg 3818 (email theshop@klsa.org found, so not technically no-email) - base-access-only nonprofit spouse-club shop, same poor directory fit as Patch Thrift Shop (Stuttgart) precedent; logged so it isn't re-researched, not recommended for send without owner input"
2026-09-04,RFP Tax Advice (RFP Steuerberatung GmbH),legal-business,kaiserslautern,ramstein@rfp.tax,sent,"NEW category opened for KMC. English-speaking tax advisory firm in Ramstein-Miesenbach (Kreuzhof 4) founded 1986, dedicated Kaiserslautern office too (Scheidstrasse 1); site explicitly covers SOFA status/Certificate of Coverage/German tax filings for the U.S. military community, testimonials confirm ongoing English service, no closure signal"
2026-09-04,Kanzlei Albrecht (Detlev Albrecht),legal-business,kaiserslautern,mail@kanzlei-albrecht.com,sent,"Kaiserslautern tax-law specialist attorney (Eisenbahnstrasse 8-10) handling ~50 cases for American servicemembers disputing German tax authorities over NATO SOFA exemptions per published reporting; active site (Impressum/Kontakt/DSGVO pages current), no closure signal"
2026-09-04,Rechtsanwalt Wolfgang Frisch,legal-business,kaiserslautern,wolfgangfrischra@web.de,sent,"General practice attorney in Kaiserslautern (Rummelstr. 12) on the U.S. Consulate Frankfurt's official referral list of attorneys - civil/family/traffic/inheritance law, 30 years practicing; active site rechtsanwalt-frisch.de, positive reviews, no closure signal"
2026-09-04,Kanzlei Christin Lehné,legal-business,kaiserslautern,info@kanzleilehne.de,sent,"Family law specialist (Fachanwaeltin) in Landstuhl (Hauptstrasse 37) since 1999, minutes from Ramstein AB/LRMC, focus on international family law incl. cross-border custody/divorce - listed in fachanwalt.de's 2025 Landstuhl rankings, active site kanzleilehne.de, no closure signal"
2026-09-04,Law Office of Will M. Helixon (Helixon Group),legal-business,kaiserslautern,,skipped_no_email,"Military defense/court-martial attorney serving KMC/Wiesbaden/Vilseck (Germany office, Facebook page 'helixonlaw' active) - contact page email appears Cloudflare-obfuscated, search results returned inconsistent/unverifiable address each time so treated as not-published; use https://helixongroup.com/contact-us/ form or phone +49 152 29900341 instead"
2026-09-07,Mathe Coach (Samira Fattal / mathehilfe-online.de),education,kaiserslautern,coach@mathehilfe-online.de,sent,"NEW category opened for KMC. English math tutoring (Nachhilfe) for DoDEA/American students near Ramstein/Landstuhl/Vogelweh/Sembach, one-on-one and small-group, every lesson taught in English; site updated April 2026, positive parent testimonials, no closure signal"
2026-09-07,International School Westpfalz (ISW),education,kaiserslautern,info@is-westpfalz.de,sent,"Private Cambridge-curriculum English-language school in Landstuhl, ages 4-18, 220+ students from 30+ nations; active site w/ June 2026 school-event news, published admissions/contact pages, no closure signal"
2026-09-07,Agape International Academy,education,kaiserslautern,academy@agapecfc.org,sent,"K-6 Christian international school at the Ramstein West Gate (Ramstein-Miesenbach) - founded 1999 for American military families, opened to wider international community 2001; active Yelp review praises pre-K program, no closure signal"
2026-09-07,Faith Baptist School (Faith Baptist Church),education,kaiserslautern,secretary@faithbaptistchurch.de,sent,"Pre-K-6th grade Christian school serving Kaiserslautern military community families since 1987, run by School Director Katherine Lilly; active Facebook page w/ 2026 registration post, no closure signal"
2026-09-07,St David's School (British International School),education,kaiserslautern,,skipped_no_email,"British international school in Ramstein (Schulstrasse 4) ages 3-11, values-based curriculum + German lessons - no published email found across own site or listings; use https://stdavids.school/contact-us-main/ contact form or phone +49 6371 42717"
2026-09-07,Children's Learning Academy (Kids Learning Center),education,kaiserslautern,,skipped_no_email,"Preschool/daycare in Mackenbach (Siedlung 19b) - no published email found in search results; Yelp listing updated January 2026 (still appears active) but only a Facebook page and phone/location found, no direct email; use Facebook page or in-person visit"
2026-09-08,Sarah Havens Photography,hbb,kaiserslautern,hello@sarah-havens-photography.com,sent,"NEW category opened for KMC hbb (military-spouse-run home businesses). Family/motherhood/self-love storytelling portrait photographer serving Kaiserslautern/Ramstein/Landstuhl; 100% recommend on 30 Facebook reviews, active blog/YouTube, no closure signal"
2026-09-08,Lena Jones Doula & Birth Photography,hbb,kaiserslautern,birth@lenajones.com,sent,"DONA-certified doula (2023 DiD-Doula cert) + Beauty in Birth-trained birth photographer, also offers breastfeeding prep/childbirth classes; serves Kaiserslautern/Landstuhl/Mainz/Wiesbaden; active site w/ classes/portfolio pages, no closure signal"
2026-09-08,Studio MS Photography,hbb,kaiserslautern,info@studio-ms-photography.com,sent,"Family/newborn/kids/couples/pet photographer run by Maud Schoenmaekers since 2016, based Matzenbach near Ramstein/Kaiserslautern; active site w/ testimonials page + Facebook, no closure signal"
2026-09-08,Gerardini Photo (Pete Gerardini),hbb,kaiserslautern,pgerardini@gmail.com,sent,"Portrait photographer in Kaiserslautern (KMC/Ramstein) - American/Italian dual citizen, IT/training-design background; site shows active 2026 seasonal sessions (Fall Colors Mini 2026), email from own Impressum page, no closure signal"
2026-09-08,Porscha Herron Personal Training,hbb,kaiserslautern,porscha.herron@gmail.com,sent,"Bodyweight/light-weight personal trainer listed on the official Kaiserslautern Army MWR Sports & Fitness Personal Trainers roster (current live listing); no personal site/Maps listing to check but official MWR roster confirms active status"
2026-09-09,Thompson Cleaning Service KMC (housecleaning-service.com),home-services,kaiserslautern,cthompson@t-online.de,sent,"Cleaning company in Ramstein/Kaiserslautern founded 2008 by Cornelia Thompson - 20+ years experience as a cleaning supervisor in U.S. hospitals and American schools; active site, no closure signal"
2026-09-09,G&G International Movers GmbH,home-services,kaiserslautern,info@internationalmovers.de,sent,"International/local movers based in Landstuhl (Raiffeisenstrasse 17) just up the road from Ramstein AB - 23 years of military moves experience, considers the U.S. military its largest international business partner; Facebook shows 'Open now', active site, no closure signal"
2026-09-09,Moebelspedition Sander (Eduard Sander Moebelspedition GmbH),home-services,kaiserslautern,info@umzuege-sander.de,sent,"Established 1880 moving company in Kaiserslautern (Von-Miller-Str. 9a) - local + international moves, office moves, furniture delivery/assembly, overseas shipments; multiple directory listings show current/open status through 2026, no closure signal"
2026-09-09,Teppichreinigung24 (Suedwest GmbH & Co. KG),home-services,kaiserslautern,info@teppichreinigung24.de,sent,"Rug/upholstery/mattress cleaning company in Ramstein-Miesenbach (Spesbacher Str. 24b), 50+ years experience, dedicated English-language site version; site fully indexed/active (legal notice, contact, gallery pages all live), no closure signal found though no reviews turned up"
2026-09-09,Mike & Mike Cleaning Services,home-services,kaiserslautern,,skipped_no_email,"Trash/junk removal, cleaning, yard work, PCS cleaning, local moving, painting in Kaiserslautern area - site (mike-mike-cleaningservices.com) live but no email found in search snippets (search returned only a redacted placeholder, not a real address) - use WhatsApp/phone +4917642224899 instead"
2026-09-09,Mr. Prosper Express Services,home-services,kaiserslautern,,skipped_no_email,"KMC local moving/cleaning/lawn care/junk removal in Kaiserslautern/Ramstein (mr-prosper-express-services.com) - no published email found in search snippets, no owner name found either; worth a follow-up search or a visit to their contact page next run"
2026-09-09,Karakoc Gebaeudeservice,home-services,kaiserslautern,,skipped_no_email,"Janitorial/Hausmeister/garden/winter service company in Kaiserslautern (Reichswaldstr. 81) - German-language-only site, no published email found, phone only (0176 24629701); lower priority fit given no evident English service, logged so it isn't re-researched"
2026-09-09,Move Clean Perfect (movecleanperfect.com),home-services,kaiserslautern,,researched,"DO NOT EMAIL - trust/safety flag, not a closure issue. Site lists 'US Army Base Germany' address but the only email found was princeabiola1000@gmail.com (unrelated personal name, classic PCS-moving-scam pattern) alongside a Missouri (314) phone number mixed with German mobile numbers - inconsistent with a real local KMC business. Not recommended for outreach or the directory without the site owner's own diligence; logged so a future run doesn't re-research or email it."
2026-09-10,Trophy Center (Kulbick),shopping,kaiserslautern,info@trophy-center.de,sent,"3rd-generation family engraving/awards/trophy shop in Kaiserslautern-Einsiedlerhof (Weilerbacher Str. 110, under Hacienda Mexican Restaurant) - site explicitly states NOT affiliated with any on-base store, serves USAREUR-AF/USAFE community, accepts VAT forms/PayPal; active site, no closure signal"
2026-09-10,StimmWerkstatt (Andrea),education,kaiserslautern,andiaaa@hotmail.com,sent,"German language lessons built for English speakers plus piano/singing lessons at Ziegelhuette 2 Ramstein-Miesenbach (same building as American Business Center); 5.0 rating/26 reviews on ReviewHero, active listing, no closure signal"
2026-09-10,Marta Sobczak Photography,hbb,kaiserslautern,info@martasobczak.com,sent,"NEW hbb depth beyond the 5 already contacted. English-speaking photographer in Kaiserslautern (Marktstrasse 12/Im Reiserfeld) offering newborn/family/maternity sessions that come to the client's home on or off base; site updated March 2026, active Instagram/Facebook, no closure signal"
2026-09-10,Military Services Germany (Kaesemann Catering / Chef Christian),restaurants,kaiserslautern,office@military-services.com,sent,"Full-service catering company in Kaiserslautern (Arizona Boulevard 1036) run by Christian Kaesemann - company name itself signals US military focus, handles changes of command/retirement ceremonies/personal events per MWR catering folder; active site + Facebook (usarmycatering), no closure signal"
2026-09-10,Cravings Corner Co,hbb,kaiserslautern,,skipped_no_email,"Home bakery (cookies/cake pops/baklava/custom sugar cookies), military-spouse-run - re-checked again, still only a Hotplate ordering page (hotplate.com/cravingscornerco) and Facebook page, no published email found in search snippets"
2026-09-10,Sparky's Cheesecake,hbb,kaiserslautern,,skipped_no_email,"American-style cheesecakes serving KMC/Baumholder - re-checked again, still only Facebook/Instagram/Linktree, no published email found in search snippets"
2026-09-10,KlaudiAlmonteFitness (Klaudia Almonte),hbb,kaiserslautern,,skipped_no_email,"Online coaching/nutrition/fitness trainer, military spouse (NASM CPT), Ramstein AB trainer per Instagram bio - site has a dedicated contact page (klaudialmontefitness.com/contact) but no email address appears in search snippets; worth a follow-up look at the contact page directly next run"
2026-09-10,Sophia's Makeup Artist Services,hbb,kaiserslautern,,skipped_no_email,"Mobile makeup artist based Ramstein-Miesenbach, travels Kaiserslautern/Landstuhl/Ramstein/Mackenbach - listed on Find-It Guide + active Facebook (beautybysoapp), but no email address found in search snippets (bookings via FB/Instagram/message per page)"
2026-09-10,Certified Interpreter & Translator,legal-business,kaiserslautern,,skipped_no_email,"In-house translator/interpreter near Vogelweh (marriage/school/medical/divorce documents, court/notary interpreting) on Find-It Guide - listing explicitly states no email, cell phone, or internet contact due to Privacy Act/document legality; phone-free, in-person only, not a fit for email outreach"
2026-09-11,Notar Dr. David Siegel,legal-business,kaiserslautern,info@notar-siegel.de,sent,"Civil-law notary in Landstuhl (Kaiserstrasse 50) who took over the post Oct 2025 - grew up partly in the Kaiserslautern area and the Midwest US, notarizes/certifies property purchases/business setup/contracts in clear English; own site + local Rheinpfalz news article confirm active, no closure signal"
2026-09-11,Top Gun Tax Solutions (Terry L. Dickerson),legal-business,kaiserslautern,taxpro.dickersont@gmail.com,sent,"US tax prep/federal+state consultations/FBAR compliance in Kaiserslautern (44 Merkurstrasse); active Find-It Guide + LinkedIn listings, no closure signal"
2026-09-11,Walsh Agency (Petra Nusbaum-Sallis),legal-business,kaiserslautern,p.nusbaum@gmx.net,sent,"IHK-licensed insurance broker (Versicherungsmakler Section 34d) 38+ years in business, Kaiserstrasse 6 Kaiserslautern - 2026 Yelp review calls the process 'the easiest ... in my time in Germany'; active listing, no closure signal"
2026-09-11,Winter Agency (Atlantic Trust Insurance Brokers GmbH),legal-business,kaiserslautern,ramstein@winter-insurance.de,sent,"Vehicle insurance for US active military/NATO members since 1960, office at Ramstein-Miesenbach (Kaiserslautern office also at Kaiserstr. 34); active site + current 2026 Find-It Guide listing, no closure signal"
2026-09-11,Stephen F. Mitchell CPA,legal-business,kaiserslautern,,skipped_no_email,"US international tax CPA based Ramstein-Miesenbach/San Diego, cooperates with RFP Steuerberatung (already contacted separately) - every search result returned only a redacted/masked placeholder address, not a real one; use https://www.stephenmitchellcpa.net/contact-us form instead, worth a follow-up look at the live page next run"
2026-09-11,taxpatation,legal-business,kaiserslautern,,skipped_no_email,"Expat tax service advertising NATO SOFA expertise + 10% military discount for KMC-area clients, but registered address (ProvenExpert) is Parsberg, Bavaria - 300+ km from KMC, plus no published email found (inquiry form only at taxpatation.com/inquiry/); logged so it isn't re-researched, worth reassessing location fit before ever emailing"
2026-09-11,Milinsure,legal-business,kaiserslautern,,researched,"US military car insurance company w/ dedicated Ramstein/Kaiserslautern/Stuttgart/Hohenfels pages, English-speaking team, quote-in-60-seconds - no published email found in search snippets (site mentions phone/email/WhatsApp contact but address not surfaced); worth checking milinsure.com's contact page directly next run"
2026-09-14,Benny's Doggy Depot,shopping,kaiserslautern,kaiserslautern@bennys-doggy-depot.com,sent,"Pet grooming salon chain (founded 2010) with dedicated English-language site section covering Kaiserslautern/Landstuhl/Ramstein AB locations - 4.5/5 on golocal, 4.27/5 on 11880, Yelp updated May 2026; note Landstuhl location specifically may be mid-relocation per one source but Kaiserslautern location clearly active, no permanent-closure signal for the business overall"
2026-09-14,eBike Store Kaiserslautern (Jörg Beilfuß e.K.),shopping,kaiserslautern,kontakt@ebike-store-kl.de,sent,"E-bike shop in central Kaiserslautern (Im Haderwald 11) with a dedicated page explicitly for US customers plus a full English site version; 500+ bikes in stock, active Sale page, positive reviews (friendly/competent staff, fair pricing), no closure signal"
2026-09-14,Gärtnerei Hanns,shopping,kaiserslautern,gaertnerei-hanns@t-online.de,sent,"Garden center with a Landstuhl location (Am Köhlwäldchen 3) keeping an English-speaking staff member on hand specifically for American military customers; active site/shop/Facebook, only a seasonal winter-break closure found, no permanent-closure signal"
2026-09-14,J. Blaze (Stevo John),home-services,kaiserslautern,johnstevo61@gmail.com,sent,"Moving/cleaning/lawn-care/landscaping/trash-removal company founded 2017 specifically to help military families in Kaiserslautern live comfortably, covers Ramstein/Landstuhl/Baumholder/Weilerbach/Wiesbaden/Spangdahlem; active LinkedIn (Managing Director Stevo John) + site, recent positive reviews (yard cleanup turnaround), no closure signal - checked for the same trust-pattern flag as Move Clean Perfect (09-09) and found none (consistent personal name/email, no mismatched country-code phone numbers)"
2026-09-14,Gear Up Sports Store,shopping,kaiserslautern,,researched,"Sports apparel/gear/heat-press shop - confirmed located INSIDE Ramstein AB (Building 2113, Mitchell Ave), base-access/military-ID only, no off-base storefront found - same poor fit for an off-base-facing public directory as Patch Thrift Shop/RESA/KLSA precedent; logged so it isn't re-researched, not recommended without owner input"
2026-09-15,Chiropractic White Ramstein (Dr. Renee White & Dr. Erik White),healthcare,kaiserslautern,Bestchiro@praxiswhite.com,sent,"Both doctors trained at Palmer College of Chiropractic (Iowa); practice on Landstuhler Str. 1A Ramstein-Miesenbach offers chiropractic/massage/acupuncture for everyday patients, pro-sports clients, pregnant moms and babies; Yelp updated Jan 2026, no closure signal"
2026-09-15,American Ramstein Chiropractic (Dr. Tim Holmes),healthcare,kaiserslautern,info@chiroarc.com,sent,"Dr. Holmes has practiced chiropractic 30+ years, opened ARC specifically in Ramstein-Miesenbach (Schulstr. 2) in 2021; active site chiroarc.com + business directory listings, no closure signal"
2026-09-15,EO-Chiropractic (Erin Odgers DC),healthcare,kaiserslautern,info@eo-chiropractic.com,sent,"Founded 2017 in Ramstein (Steinwendener Str. 8a) after working the local area since 2014 - chiropractic + soft tissue/massage/PT under one roof; active site/Facebook (100% recommend, 9 reviews), no closure signal"
2026-09-15,Family Dental Practice (Dr. Tam Hager),healthcare,kaiserslautern,,skipped_no_email,"American-trained (retired Army COL, 28 yrs Dental Corps) dentist at Liebigstr. 1, Kaiserslautern-Einsiedlerhof, minutes from Vogelweh/Ramstein - no genuinely published email found; search tool suggested contact@hagerdental.com but that string does not actually appear anywhere in search results (verified via direct search for the exact address) and drhager.com is an unrelated, unaffiliated dentist in Konstanz with the same surname - do not reuse that or any Hager-adjacent email without direct confirmation. Phone 0631 41464960 only for now"
2026-09-15,Chiropraxis White Kaiserslautern (Ingrid E. White & Eva D. White),healthcare,kaiserslautern,,researched,"Same White family as Chiropractic White Ramstein (sent today) but a distinct 35-year practice/location in central Kaiserslautern (Lutrinastrasse) - held back to avoid two same-family emails same day; queued for a future run with its own contact email research (chiropractic-white.com contact page not yet checked directly)"
2026-09-16,Burgschänke Nanstein,restaurants,kaiserslautern,info@burgschaenke-landstuhl.de,sent,"English-language site + English-speaking staff/menu, restaurant inside Nanstein Castle above Landstuhl minutes from LRMC; Yelp updated April 2026, 46 Tripadvisor reviews, no closure signal"
2026-09-16,Cockpit Lounge,restaurants,kaiserslautern,info@hotel-christine.com,sent,"Aviation-themed bar/restaurant in Landstuhl (Kaiserstr. 3), operated by Hotel Christine - email published on cockpitlounge.com's own legal-notice page; ranked #1 of 41 Landstuhl restaurants on Tripadvisor, Yelp updated June 2026, no closure signal"
2026-09-16,The Big Emma (Zur Dicken Emma / Ramsteiner Brauerei),restaurants,kaiserslautern,team@bigemma.info,sent,"Large brewhouse/restaurant in Ramstein-Miesenbach (Reichswaldstr. 1c) next to Ramstein AB - Facebook shows 1,173 reviews/88% recommend, current Events+Mittagstisch pages on own site; one stale Yelp review claimed permanently closed but contradicted by current 'Zur Dicken Emma' Yelp listing at same address updated Sept 2026 (117 reviews), Untappd check-ins April 2026, and active own-site pages - treated as open, no Maps closure flag found"
2026-09-16,Chacarero Steakhouse,restaurants,kaiserslautern,info@chacarero.eu,sent,"Chilean steakhouse in Kaiserslautern (Weilerbacher Str. 63) with a dedicated English-language page (chacarero.eu/englisch) for reservations/takeaway aimed at English speakers; Yelp updated July 2026, 4.8/5 on Restaurant Guru, no closure signal"
2026-09-16,The Alamo (Eggcited Tex Mex),restaurants,kaiserslautern,,skipped_no_email,"Tex-Mex restaurant/sports bar near Vogelweh (Im Haderwald 10) plus a Kindsbach location - no published email found in search results; Facebook page (facebook.com/p/The-Alamo-100063126104818/) or phone only"
2026-09-16,Sascha's Grill / Ali's Landstuhl Grill,restaurants,kaiserslautern,,skipped_no_email,"Kebab/grill restaurant in Landstuhl (Kaiserstr. 32) - no published email found; saschas-grill.de site or phone +49 6371 490911 only"
2026-09-16,Roadhouse Ktown,restaurants,kaiserslautern,,skipped_no_email,"American burgers/wings restaurant near Vogelweh (Im Haderwald 19, KL-Einsiedlerhof) - search tool repeatedly suggested roadhouse.ktown@gmail.com but the address does not actually appear on any indexed page (same false-positive pattern as Dr. Hager/hagerdental.com 2026-09-15), so treated as not genuinely published; use Facebook page (RoadhouseKtownRestaurant) or phone +491781045082 instead"
2026-09-16,Memory Burger Ramstein,restaurants,kaiserslautern,,skipped_no_email,"Burger chain location in Ramstein-Miesenbach (Bahnhofstrasse 2) - no published email found in search results, only a Lieferando order-page contact prompt; use ramstein.memory-burger.de or phone +49 6371 5943113"
2026-09-16,Mr. Lian (Einsiedlerhof + Schillerplatz locations),restaurants,kaiserslautern,,skipped_no_email,"Sushi/Asian restaurant chain with two Kaiserslautern locations (Weilerbacher Str. 91 and Schillerplatz) - no published email found for either location in search results; mr-lian.de site or phone only"
2026-09-18,C & K Children's House,education,kaiserslautern,ckchouse@interquest.de,sent,"Montessori preschool/kindergarten at Koenigsberger Str. 12 Ramstein-Miesenbach, minutes from Ramstein AB - offers before/after-school care for DODDS/DoDEA students up to age 10; email corroborated verbatim by an independent Kaiserslautern American community-news article plus multiple directory listings, Yelp updated Feb 2026, no closure signal"
2026-09-18,Chiropraxis White Kaiserslautern (Ingrid E. White &amp; Eva D. White),healthcare,kaiserslautern,kontakt@chiropraktik-white.de,sent,"Distinct 35+-year practice at Lutrinastrasse 11 central Kaiserslautern (same family as Chiropractic White Ramstein sent 2026-09-15 but a different location/practice) - email pulled from the practice's own Impressum page; maintains a dedicated English site (chiropractic-white.com), no closure signal. Previously queued 2026-09-15 pending its own contact-email research"
2026-09-18,Musikschule Abt (Marcus &amp; Oliver Abt),education,kaiserslautern,marc.abt69@gmx.de,sent,"Piano/guitar music school in Landstuhl (Hauptstrasse 5 / Ludwigstrasse 2) with a dedicated English-language site page (index_en.html) - Marcus holds a music-education degree from Mannheim University of Music, Oliver taught 10+ years at Yamaha Music School; email corroborated across Find-It Guide + multiple independent directory listings, 5.0 rating, no closure signal"
2026-09-18,Stephen F. Mitchell CPA,legal-business,kaiserslautern,,skipped_no_email,"Follow-up check as flagged 2026-09-11 - stephenmitchellcpa.net/contact-us and every other source (RocketReach, vymaps, salezshark) still return only a redacted/masked '[email protected]' placeholder, never a real address on the business's own site; do not reuse the RocketReach-suggested mitchell@smitchell.com (third-party aggregator, not the business's own published contact, inconsistent domain) per the never-fabricate/aggregator-not-own-site guardrail. Use stephenmitchellcpa.net contact form instead"
2026-09-18,Milinsure,legal-business,kaiserslautern,,skipped_no_email,"Follow-up check as flagged 2026-09-11 - milinsure.com's own Kaiserslautern/Ramstein pages confirm phone/email/WhatsApp contact exists but the actual email address still does not appear anywhere in search results; use milinsure.com contact form/WhatsApp instead, worth a direct-site visit next run if a WebFetch-capable path ever opens up"
2026-09-21,K&M Computer Kaiserslautern,home-services,kaiserslautern,kaiserslautern@kmcomputer.de,sent,"Established PC/notebook sales and repair shop at Merkurstrasse 49, central Kaiserslautern - multiple directory listings (Yelp updated May 2026, 11880, Gelbe Seiten) confirm active, no closure signal (distinct from an unrelated closed K&M Computer location in Karlsruhe); pivoted to home-services/education after extensive hbb research today (tutoring, virtual assistant, crafts, event planning, doula, pet sitting, baking) again found no new hbb leads with a genuinely published email - see roadmap note"
2026-09-21,Grace Studio (Ballettschule Kaiserslautern),education,kaiserslautern,gracestudio.dance@yahoo.com,sent,"Dance school owned by Olga Anikeyenko & Laure Courau, two professional ballerinas with 20+ years stage experience, classes taught in English; active site with June 2026 recital dates at Stadthalle Landstuhl, positive Facebook reviews, no closure signal"
2026-09-21,Sweeney Irish Dance / Irish Dance Germany (Mary Sweeney & Shane McAvinchey),education,kaiserslautern,mursweeney@gmail.com,sent,"One of Germany's oldest Irish dance schools (30+ years), weekly classes for ages 4-18 in Landstuhl (Turnhalle Theodor-Heuss-Grundschule) and on Ramstein AB (SKIES Bldg 3819) - own site explicitly says it welcomes US military children; active site/Facebook, 2025 Ramstein Feis documented, no closure signal"
2026-09-21,Loveless Academy of Karate & Kobudo (Michael Loveless),education,kaiserslautern,gojuryuman@gmail.com,sent,"Family-oriented Okinawa Goju Ryu Karate/Kobudo school at Weilerbacher Str. 110 Kaiserslautern, continuously operating since 1982, 40-year instructor - featured in a Kaiserslautern American community-newspaper article; active site/directory listings, no closure signal"
2026-09-21,KMC Healing Hearts (The SBD Doula),hbb,kaiserslautern,,skipped_no_email,"Community stillbirth/postpartum doula program serving KMC families (enlisted/spouses) per stillbirthday.info/kmc-healing-hearts - no published email found in search results; part of today's continued hbb search (also tried tutoring, virtual assistant, crafts/Etsy, event planning/balloons, DJ, lactation, pet sitting, cake baking - all dead ends, see roadmap)"
2026-09-21,KMCC Computer and Mobile Repair,home-services,kaiserslautern,,researched,"Phone/mobile/computer repair inside KMCC Mall Bldg 3336 on Ramstein AB - a suggested Kmcchandyexpressklinik@gmail.com surfaced but the business is base-access/military-ID only, same poor off-base-directory fit as Gear Up Sports Store (Bldg 2113) precedent; logged so it isn't re-researched, not recommended without owner input"
2026-09-21,Celebrations Balloon Shop,shopping,kaiserslautern,,researched,"Balloon/party decor shop at Mitchell Avenue 2113, Ramstein-Miesenbach - same Building 2113 on-base complex as the already-flagged Gear Up Sports Store, base-access/military-ID only; no email found either; logged so it isn't re-researched, not recommended without owner input"
2026-09-21,Eva's Express (housekeeping),home-services,kaiserslautern,,skipped_no_email,"Long-standing local housekeeping/PCS-cleaning option in Ramstein-Miesenbach (Kurfurstenstrasse 21) per Clean Chaps directory roundup and Find-It Guide - no published email found, only phone (0163-6964634) and a Find-It Guide contact-form page; worth a follow-up look if the Find-It Guide connect page ever surfaces a direct address"
2026-09-22,Piscione Immobilien (Jana),real-estate,kaiserslautern,jana@piscioneimmobilien.de,sent,"English-speaking real estate agent covering Ramstein/Miesau/KMC off-base housing with a dedicated 2026 PCS-to-Ramstein housing guide page and English-language listings built for the US military network; active site with current 2026-dated content, no closure signal"
2026-09-22,TLA Rentals,real-estate,kaiserslautern,info@tla-rentals.com,sent,"Small TLA/TDY/TLF operator with properties in Weilerbach and Rodenbach near Ramstein AB/LRMC, free rental car included, pet-friendly; own domain/phone distinct from already-contacted TLA Office/TLA Ramstein/Roth TLA/Stay Eden/Prime TLA, active Facebook page posting new listings within the last day, no closure signal"
2026-09-22,HousingOffice.com (Sylvia),real-estate,kaiserslautern,sylvia@housingoffice.com,sent,"Full-service KMC housing network since 2004 covering TLA/TDY/PCS plus real estate buying and selling, not just short-term stays; active site with current property listings (Ramstein-Miesenbach), no closure signal"
2026-09-22,Immobilien-4-You (Anne & Frank Neumann),real-estate,kaiserslautern,,skipped_no_email,"25-year KMC housing bridge founded 2001, dedicated US-rental/TLA-Ramstein English pages - contact page and search results only surface a WhatsApp number (0173 8317162), no email address found anywhere; worth a direct look at immobilien-4-you.de/en/contact/ next run if a fetch-capable path opens"
2026-09-22,TDY Ramstein (tdyramstein.com),real-estate,kaiserslautern,,skipped_no_email,"Furnished TLA/TDY apartments 3 min from Ramstein West Gate - search tool twice surfaced info@kmc-tla.com as 'their' contact email, but that's a different domain (kmc-tla.com, not tdyramstein.com), and the same source also named info@tla-ramstein.com (already sent 2026-09-01 as TLA Ramstein/DODSC) for the same FAQ page - too much cross-domain ambiguity in this crowded TLA-brand space to trust as tdyramstein.com's own published email without a direct-site read; logged so it isn't re-researched blind, worth a fetch-capable follow-up"
2026-09-23,MIRASCON Insurance Agency,legal-business,kaiserslautern,contact@mirascon.com,sent,"30+ year US Military/NATO-focused insurance agency (auto/motorcycle/renters/marine), Ramstein office inside MAS, active USO Kaiserslautern/EMEA sponsor listing; Yelp 'Closed' flag is just after-hours status (posted 9-5 hours), no permanently-closed signal anywhere, address consistent across Yelp/Find-It Guide/USO"
2026-09-23,Salusso Translations (Andrea Salusso),legal-business,kaiserslautern,salusso@salusso-translations.com,sent,"Solo court-authorized (Kaiserslautern District Court) certified translator/interpreter, German-English-Spanish, dedicated English site page; active site/Instagram, no closure signal"
2026-09-23,Fachübersetzungsdienst Kaiserslautern,legal-business,kaiserslautern,kaiserslautern@fachuebersetzungsdienst.com,sent,"Certified/sworn translation agency (GmbH) with a dedicated Kaiserslautern branch page, 70+ languages, 4.9/5 across 268 reviews as of Aug 2026 with recent positive feedback; clearly active, no closure signal (distinct from unrelated closed 'Die Fachuebersetzer GbR')"
2026-09-23,Patriot Laptops,home-services,kaiserslautern,,skipped_no_email,"Apple/laptop/liquid-damage computer repair at Bahnstr. 78b Landstuhl - Yelp listing active (Jan 2026 update) but no published email found in search results; phone/Yelp contact only, worth a follow-up look at patriotlaptops.com's own contact page next run"
2026-09-23,pestcontrol24.de (DLK Company),home-services,kaiserslautern,,skipped_no_email,"Pest control service with a dedicated English page (/en/) covering Kaiserslautern/Landstuhl/Homburg/Bad Duerkheim - no published email found, only phone (+49 631 31168974) and a Google Business profile; worth a follow-up look next run"
2026-10-06,Marcus Herbst Baeckerei,shopping,kaiserslautern,,skipped_closed,"Bakery at Lessingstr. 3 Ramstein-Miesenbach, repeatedly praised in reviews as 'the best bakery in the Ramstein AB area' with excellent English-speaking service - but a December 2025 Facebook post confirms the owners closed the shop (comments reference missing it, happy for the owners to have more time together) and Restaurant Guru independently flags it as likely permanently closed; do not email or pursue further"
2026-10-06,French Nails Ramstein (Daniel Fritzler),shopping,kaiserslautern,fritzlerina404@gmail.com,researched,"Nail salon explicitly advertised as English-speaking, owner says she works mostly with US clients, 10+ years in the Kaiserslautern/Ramstein area - held back from sending: the site's own Impressum lists the legal/registered contact (Daniel Fritzler) at a Ridlerstr. 29F Munich address, ~400km from KMC, the same location-mismatch disqualifier pattern as taxpatation (2026-09-11)/Dr. Knauss (2026-10-05). Worth a second look to confirm whether this is just an owner's distant home-registration address for an otherwise genuine local Ramstein business, or a mismatch, before ever emailing"
2026-10-06,Barbarossa Baeckerei und Cafe (Landstuhl branch),shopping,kaiserslautern,,researched,"Landstuhl cafe/bakery (Luitpoldstr. 2) praised in reviews for speaking great English - but the only published email (info@barbarossa-baeckerei.de) traces to the parent Barbarossa Baeckerei GmbH & Co. KG's central contact (headquartered Kaiserslautern-Otterbach area, a multi-branch regional chain), not a Landstuhl-branch-specific address; held back since a personalized email about the Landstuhl staff's English service might not even reach that branch - worth a direct-site/in-person check on a branch-specific contact next run"
2026-10-06,Ramstein Flowers (ramsteinflowers.com),shopping,kaiserslautern,sales@ramsteinflowers.com,sent,"Flower delivery service explicitly serving Landstuhl/Ramstein/KMC since 2003 with 24-hour delivery and a dedicated US ordering line; email published on the business's own site, no closure signal found (site live, service description current)"
2026-10-06,Stuetzel Buchhandlung,shopping,kaiserslautern,buchhandlung-stuetzel@t-online.de,sent,"Independent bookstore at Am Alten Markt 11 Landstuhl (near LRMC) keeping a selection of English-language books for American customers per a customer review describing the owner's helpfulness; email corroborated across multiple independent directories (gelbeseiten, cylex, 11880) all matching the business's own listing, no closure signal - business shown as currently open"
2026-10-06,American Nail Spa (Natascha Morgan),shopping,kaiserslautern,info@americannailspa.de,sent,"Nail salon with two KMC locations (Ramstein-Miesenbach/Eichenring 29 and Landstuhl/Bahnstrasse 78c), founder has 30+ years in the beauty industry; email published on the business's own domain (americannailspa.de Impressum), Yelp updated July 2026 with 14 reviews and active posted hours, no closure signal"
2026-09-23,United Sponsor Service,real-estate,kaiserslautern,,researched,"PCS relocation/sponsorship + TLA housing service located in the heart of Ramstein/KMC for both military and civilians (unitedsponsorservice.com) - not pursued today since real-estate is already KMC's deepest category (10 sent); no email search attempted yet, worth a look if real-estate depth is revisited"
2026-09-24,Landstuhl American Dentistry (Dr. Bernard Doryumu),healthcare,kaiserslautern,info@american-dentistry.de,sent,"Dedicated American-population dental practice at Kaiserstr. 36 Landstuhl (2nd floor), established 2016, full services (exams/cleanings/fillings/crowns/root canals/whitening) minutes from LRMC; email published on the practice's own contact-us page, Yelp updated May 2026, active Facebook page, no closure signal"
2026-09-24,Pediatric Castle / Ritterdoc's (Dr. Stefan Schmitt & Lucca Seipenbusch),healthcare,kaiserslautern,mail@ritterdoc.de,sent,"20+-year pediatric practice at Schulstrasse 2 Ramstein-Miesenbach serving English-speaking families, well-baby through age 18, immunizations recognized for all countries; email corroborated on both the practice's own pediatric-castle.com/contact and ritterdoc.de/kontakt pages, active Facebook, referenced 2026 summer-vacation notice (normal seasonal, already past) confirms current operation, no closure signal"
2026-09-24,Praxis Schmalhofer (Doris Schmalhofer),healthcare,kaiserslautern,praxis.schmalhofer@web.de,sent,"Native English-speaking (B.Sc. Canada, M.A. USA) clinical psychologist at Alte Schmiede 5 Kaiserslautern, no referral required, treats depression/anxiety/PTSD/ADHD for adults/children/couples/families; email published on the practice's own kontakt.html page, corroborated across multiple current directory listings (Doctena, 11880, arzt-auskunft.de) with matching hours, no closure signal"
2026-09-24,Augenzentrum Westpfalz (Landstuhl location),healthcare,kaiserslautern,,skipped_no_email,"5-location eye clinic group, Landstuhl office at Kaiserstr. 36, Yelp notes English-speaking staff - email is Cloudflare/JS-obfuscated on the practice's own site, no genuinely published address found; use Doctolib booking or phone 06371 12433 instead"
2026-09-24,DOCS Dental (Ramstein Air Base exchange),healthcare,kaiserslautern,,researched,"Dental clinic opened inside the Ramstein AB exchange (base-access likely required) per 2023 Stars and Stripes coverage - no published email found, only phone; same base-access-fit question as Gear Up Sports Store/KMCC Computer precedent, logged so it isn't re-researched blind, worth a look if the base-access question gets resolved"
2026-09-24,Dr. Knauss OB/GYN,healthcare,kaiserslautern,,researched,"Yelp-recommended OB/GYN near Ramstein-Miesenbach noted for very good English fluency (staff too) - no practice website or email surfaced yet in today's search; worth a dedicated follow-up search next run to find the practice's own site/contact page"
2026-09-25,Rainbow Farm (Tierpension, Peter/Christiane/Katharina Nußhag),home-services,kaiserslautern,tierpension@rainbow-farm.de,sent,"Pet boarding/dog daycare in Landstuhl, Am Harzofen 9B, 33+ years family-run, dedicated English-language site pages (rainbow-farm.de/en/); email corroborated across two independent directory sources (cylex, 11880) matching own domain; currently on a scheduled Sept 10-Oct 25 2026 company-holiday break per their own site (Betriebsferien blog post), not a closure - no permanently-closed signal; 4.8/5 across 136 ProvenExpert reviews"
2026-09-25,Wash To Go Kaiserslautern (Mohammad Haidari),home-services,kaiserslautern,info@washtogo.de,sent,"Mobile & studio car detailing plus PCS vehicle cleaning specifically for shipping inspection, explicitly English-speaking and positioned for military personnel, comes to customer's location; email published on own site's Contact Us/legal-disclosures page; recent customer review describes smooth PCS car-shipping prep with inspection passed, no closure signal"
2026-09-25,Inas Umzuege & Transporte,home-services,kaiserslautern,info@inastransporte.de,sent,"Moving/transport company with a page dedicated to 'Moving Service for US Military at Ramstein Air Base'; email published on own site; 5.0/5 rating across 36 Google reviews as of September 2026, no closure signal"
2026-09-25,iPhone Sales and Repair (Landstuhl),home-services,kaiserslautern,repair@iphonesandrepairs.com,sent,"American Veteran Owned and Operated phone/laptop/computer repair shop at Kaiserstr. 7 Landstuhl, established 2009, Certified Repair Center, same-day service; email corroborated via Find-It Guide (military directory) matching own domain; Yelp reviews describe staff speaking exemplary English, no closure signal"
2026-09-25,Farm Kennel / Pet Holiday Kennel (tierpension-farm-kennel.de),home-services,kaiserslautern,,researched,"Pet boarding in Bruchmuehlbach-Miesau, 30+ years - email farmkennel@gmx.de is on the business's own Impressum page, but held back from sending today: no reviews or activity found more recent than a 2017 Yelp review and a June 2025 hours update, and one search hit the domain root as 'Seite nicht gefunden' - not closure evidence (no Maps closed flag, still listed across multiple current directories) but too thin to send on confidently; worth a direct-site recheck next run"
2026-09-25,KMC Movers and Transport / KMC Local Movers,home-services,kaiserslautern,,researched,"Furniture install/pickup/delivery service advertised only via a Ramstein Bookoo classified ad with personal Yahoo addresses (utamoving@yahoo.com, slimjay3@yahoo.com) and a WhatsApp number - no registered business site found, same informal-classified-listing pattern flagged as a trust concern for Move Clean Perfect (2026-09-09); not recommended for outreach or the directory without the site owner's own diligence, logged so it isn't re-researched"
2026-09-28,Trattoria da Salvatore (Salvatore Cali),restaurants,kaiserslautern,kontakt@pizzeria-salvatore.com,sent,"Italian pizzeria/trattoria in Landstuhl (Fleischackerloch 1) with own online ordering site (store.pizzeria-salvatore.com); email confirmed on the business's own Impressum page, corroborated across independent directories (Yelp/11880/meinestadt) matching address/phone - a search-suggested callisalvatore@web.de did not independently verify anywhere and was NOT used, per the never-reuse-an-unverified-suggested-address guardrail; Yelp updated August 2026, no closure signal"
2026-09-28,Tida Thai Restaurant,restaurants,kaiserslautern,info@tidathai.de,sent,"Thai restaurant in central Kaiserslautern (Pirmasenser Str. 4) with a dedicated English-language menu, featured in a 2023 Stars and Stripes After Hours review as a new favorite; email confirmed on tidathai.de's own Impressum/Kontakt pages, active site, no closure signal"
2026-09-28,Restaurant Akropolis,restaurants,kaiserslautern,kontakt@akropolis-landstuhl.de,sent,"Family-run Greek restaurant in Landstuhl (Schulstrasse 14) since 1992 - email corroborated across multiple independent directories (oeffnungszeitenbuch/speisekarte.de/gelbeseiten) all matching the business's own akropolis-landstuhl.de domain; Restaurant Guru 4.3/535 reviews + MenuWeb Feb 2026 update confirm active. Note: a separate, older Yelp listing at a different address (Eisenbahnstr. 2) shows 'CLOSED' - that appears to be a prior location the business moved from, not the current Schulstrasse 14 listing, which is clearly active"
2026-09-28,Glockencafe,restaurants,kaiserslautern,reservierung@glockencafe-kl.de,sent,"Downtown Kaiserslautern cafe/bar institution since 1981 (Glockenstrasse 43) with event nights/concerts/grilling festivals; email matches the business's own glockencafe-kl.de domain, corroborated via search; Restaurant Guru 4.4/268 reviews with March 2026 reviews, 11880 listing updated July 2026, no closure signal"
2026-09-28,Weberstuebchen,restaurants,kaiserslautern,info@weberstuebchen.com,sent,"German steakhouse in Ramstein-Miesenbach (Am Lanzenbusch 3), ranked #1 of 44 restaurants in Ramstein-Miesenbach on Tripadvisor (4.5/5), featured in a Stars and Stripes After Hours review for its carnivore-friendly menu; email matches the business's own weberstuebchen.com domain; Yelp updated June 2026, no closure signal"
2026-09-28,JaMaMaSi Foodtruck,restaurants,kaiserslautern,,skipped_no_email,"Wood-fired gourmet pizza food truck next to Kleber Kaserne (Daennerstrasse 9), run by Sinan Jahic, featured in a 2023 Stars and Stripes After Hours piece - no published email found, only Instagram (@jamamasi... handle) and phone via Tripadvisor listing; worth a follow-up look at its Instagram bio/link next run"
2026-09-28,Pizzeria Ristorante Pico Bello,restaurants,kaiserslautern,,skipped_closed,"Pizzeria at Alleestrasse 2, Kaiserslautern - search results explicitly flag this location as permanently closed; do not email or pursue further"
2026-09-28,Restaurant Alexandros,restaurants,kaiserslautern,,skipped_no_email,"Greek restaurant in Kaiserslautern (Hilgardring 66), active site alexandros-kl.de - no published email found despite repeated searches of its Impressum/Datenschutz pages; phone 0631 6246 0966 only, worth a follow-up look next run"
2026-09-28,Thai Thai Orchidee,restaurants,kaiserslautern,,skipped_no_email,"Thai restaurant in Ramstein-Miesenbach (Landstuhler Str. 32), 4.5/5 across 81 Yelp reviews updated May 2026, less than 10 min from Ramstein AB - no published email found in search results; Facebook page or phone 06371 463933 only, worth a follow-up look next run"
2026-09-29,SecondPlus,shopping,kaiserslautern,info@secondplus.de,sent,"Largest second-hand/thrift store in the Kaiserslautern region (Merkurstrasse 33, Bahnheim industrial area near IKEA) with a vintage/upcycling department - Stripes Europe's own 'Local thrift shops to visit' article names it as popular with Americans from Ramstein; email corroborated across independent directories (golocal, cylex, Yelp, 11880), hours updated Feb 2026, no closure signal - real off-base alternative to the base-access-only RESA/KLSA thrift shops already logged"
2026-09-29,KFI Kaufhaus fuer Import,shopping,kaiserslautern,info@kfi-store.de,sent,"American USA-import supermarket at Merkurstrasse 42 Kaiserslautern (near Vogelweh), described as one of the largest USA import stores in Germany - snacks/candy/BBQ sauces/coffee creamer/Pop-Tarts/sodas; email corroborated across independent directories (Gelbe Seiten, Wheree, DeutscheBusiness) matching own domain kfi-store.de, active Facebook (16,643 followers), Yelp updated March 2026, no closure signal"
2026-09-29,Delker Optik (Landstuhl),shopping,kaiserslautern,info@delker-optik.de,sent,"Optical/eyewear + hearing-aid shop at Ludwigstrasse 2A Landstuhl, minutes from LRMC - explicitly flagged as ENGLISH SPOKEN by inkwiremagazine.com's own military-community listing; email published on delker-optik.de's own Kontakt page, corroborated via Das Oertliche/Gelbe Seiten/11880/cylex, no closure signal (distinct from unrelated Delker Optik branches in Wiesloch/Neustadt/Maxdorf/Mannheim)"
2026-09-29,Candy-Shop GmbH (Ramstein-Miesenbach),shopping,kaiserslautern,,researched,"Candy shop at Reichswaldstr. 1c Ramstein-Miesenbach found via Yelp listing dated September 2026, but Northdata shows the GmbH went through insolvency proceedings in 2014 and no current website/email/phone surfaced in search - operational status genuinely unclear (not confirmed closed, not confirmed open); worth a direct-site/Maps follow-up next run before emailing"
2026-09-30,Study Rooms (Landstuhl),education,kaiserslautern,info@studyrooms.de,sent,"NEW education lead. Tutoring center at Hauptstrasse 17 Landstuhl offering Math/English/German plus SAT/LSAT/ACT prep for KMC families since covering Landstuhl/Ramstein-Miesenbach/Hauptstuhl/Bann/Kaiserslautern; email published on studyrooms.de's own Contact page, Yelp listing (Updated October 2025) and Facebook page confirm active, no closure signal"
2026-09-30,Sprachschule Aktiv Kaiserslautern,education,kaiserslautern,info@sprachschule-aktiv-kaiserslautern.de,researched,"NEW education lead, still-open verified (free-trial-lesson German language school at Pariser Strasse 62, English site version, native-speaking teachers, email confirmed on own domain) but NOT sent today - Gmail send_message returned 'service currently unavailable' mid-run; queued to retry first thing next run rather than continuing to send into a possibly-broken pipe per the stop-on-failure guardrail"
2026-09-30,TanzSportVerein Ramstein e.V.,education,kaiserslautern,Tanz-Lothar@gmx.de,sent,"NEW education lead. Children's dance club (hip-hop/breakdance/Latin) at Eichenring 21 Ramstein-Miesenbach explicitly welcoming kids with no German required; email corroborated across a Rhineland-Palatinate state sports-funding PDF, local news (wochenblatt-reporter.de), and own site tanzen-in-ramstein.de contact info, Yelp updated July 2026, no closure signal"
2026-09-30,Lernstudio Barbarossa Kaiserslautern,education,kaiserslautern,kaiserslautern@lernstudiobarbarossa.de,sent,"NEW education lead. Tutoring franchise (English/Math/German/exam prep, on-site/online/at-home) at Unionstrasse 5 Kaiserslautern, operating since 1988; email published on lernstudio-barbarossa.de's own Kaiserslautern location page, Yelp updated April 2026, no closure signal"
2026-09-30,Children's Learning Academy (Kottweiler-Schwanden address variant),education,kaiserslautern,,skipped_no_email,"Re-surfaced during today's education research with a published email (Childrens_Learning@t-online.de) but the only source is a kaiserslauternamerican.com article dated June 7 2013 - 13 years stale, and the address (Kottweiler-Schwanden) conflicts with the Mackenbach address already logged 2026-09-07 for the same business name. Too stale to trust per the never-reuse-unverified-address guardrail (same pattern as the Hager Dental/Roadhouse Ktown false positives); original 2026-09-07 skipped_no_email status stands, not re-sent"
2026-09-30,Cheer Inc. Allstars (TV03 Ramstein e.V.),education,kaiserslautern,,skipped_no_email,"Cheerleading club (cheersport dept. est. 2021) at Schernauer Strasse 20 Ramstein-Miesenbach, explicitly created to promote the sport regionally for English-speaking Americans - own site cheerincallstars.com has a Cloudflare/JS-obfuscated contact email that never surfaced in search results; use the site's contact form or Facebook/Instagram (@cheerinc.allstars) instead, worth a follow-up look next run"
2026-10-01,Sprachschule Aktiv Kaiserslautern,education,kaiserslautern,info@sprachschule-aktiv-kaiserslautern.de,sent,"Retry of 2026-09-30 researched lead - that run's Gmail send_message call failed transiently ('service currently unavailable'); re-sent today with no further re-verification needed (already confirmed still-open and email published on own domain just one day prior). Free-trial-lesson German language school at Pariser Strasse 62, English site version, native-speaking teachers."
2026-10-01,United Sponsor Service (Maria Kaulfuss),real-estate,kaiserslautern,unitedsponsorservice@gmail.com,sent,"PCS relocation/sponsorship + TLA/TLF/TDY housing plus airport shuttle, admin support, and cleaning, located Reichswaldstrasse 1a Ramstein-Miesenbach - email corroborated across two independent search passes both pointing to the business's own imprint page, matching owner name/address/phone; Facebook page 100% recommend across 41 reviews, no closure signal. Previously logged 'researched' 2026-09-23 (real-estate already deep then, no email search attempted) - email search completed today."
2026-10-01,TDYHOMES (founder Hans),real-estate,kaiserslautern,info@tdyhomes.com,sent,"Original TLA/TDY company serving KMC for 20 years, founded 2005 by a US Air Force Reserve pilot stationed at Ramstein who renovated his own TDY apartment; now 65+ properties plus its own hotel (added 2016) and premium furniture line (2024), Kaiserstrasse 143 Landstuhl - email (info@tdyhomes.com / reservations@tdyhomes.com) published on own site/about page, active Facebook (TDYHOMES), distinct business from already-contacted TLA Ramstein/TLA Office/Roth TLA/Stay Eden/Prime TLA/TLA Rentals, no closure signal"
2026-10-01,Insight Living GmbH,real-estate,kaiserslautern,info@insight-living.com,sent,"TLA/TLF/TDY apartments, long-term rentals, property management and real estate sales at Steinwendener Str. 35 Ramstein-Miesenbach - email published on own site's Contact/Imprint pages matching phone/address/hours; Google 5.0/35 reviews and Facebook 100% recommend/6 reviews, PCS-move testimonials dated to current operation, no closure signal"
2026-10-01,Hassanzadeh Immobilien-Management (Jafar Hassanzadeh),real-estate,kaiserslautern,,skipped_no_email,"Homburg-based agent (~30km from Landstuhl/KMC) with a dedicated Landstuhl service page (hassanzadeh.de/en/immobilienmakler-landstuhl/) - two independent search passes returned two DIFFERENT emails (immo@hassanzadeh.de vs. hassanzadeh-homburg@t-online.de from a belongo.net directory listing), same conflicting-attribution false-positive pattern as the 2026-09-15 Hager Dental / 2026-09-28 Roadhouse Ktown cases - neither used per the never-reuse-unverified-address guardrail; also a weaker base-area fit given the Homburg distance. Worth a direct-site read if a fetch-capable path opens"
2026-10-01,KMC Rentals / kmc-rentals.com,real-estate,kaiserslautern,,researched,"Site surfaced for TLA/TDY housing near Ramstein, but search results only offered an oddly-formatted 't_i_m@kmc-rentals.com, remove the underscores' instruction (not a cleanly published address) and kept cross-contaminating with an unrelated Florida LLC of the same name - too ambiguous to trust as a genuine local KMC business or a real contact email; worth a direct-site read next run before pursuing further"
2026-10-02,Rechtsanwaltin Annette Goebelsmann-Schweitzer,legal-business,kaiserslautern,kontakt@rechtsanwaeltin-goebelsmann.de,sent,"Family law (Familienrecht) and tenancy law (Mietrecht) attorney in central Kaiserslautern (Villenstrasse 8), practicing since 1989, fluent English with experience serving American clients; email published on the practice's own domain (kontakt.php/Impressum), corroborated across independent directories (rechtecheck.de 4.3/11 reviews, golocal, Das Oertliche) all matching address/phone, no closure signal"
2026-10-02,Kanzlei Schaumloeffel (Rolf A. Schaumloeffel),legal-business,kaiserslautern,kanzlei@schaumloffel.de,sent,"General-practice attorney in central Kaiserslautern (Lutrinastrasse 22), conducts business in German/English/French; email published on the firm's own Impressum page (schaumloffel.de), 4.12/5 across 26 reviews on 2 independent review portals, active business hours listed, no closure signal"
2026-10-02,RAAC (Ramstein Accident Assistance Center),legal-business,kaiserslautern,info@ramstein-aac.de,sent,"Bilingual accident-claim/insurance coordination center for US military and civilians in Ramstein-Miesenbach, 18+ years experience, tailored to the German legal system and US military requirements; email published on the business's own site (ramstein-aac.de), 4.8/5 across 127 reviews, active site with current office hours, no closure signal"
2026-10-05,Hautarztpraxis Dr. med. Karin Claren,healthcare,kaiserslautern,info@hautarztpraxis-claren.de,sent,"NEW healthcare depth beyond the 12 already contacted. Dermatologist at Hauptstrasse 3a Landstuhl, minutes from LRMC - dedicated English-language site (hautarztpraxis-claren.de/en/contact/), reviews specifically praise front-office English communication; 96 Google reviews at 4/5, 152 reviews at 4.12/5 on another platform, no closure signal"
2026-10-05,VetCare Veterinary Clinic Kaiserslautern,healthcare,kaiserslautern,info@vetcare-kl.de,sent,"NEW category depth - first KMC veterinary lead (vet clinics fall under healthcare per the Stuttgart snapshot precedent of Kleintierpraxis Sindelfingen/Mobipet). Mainzer Str. 65 Kaiserslautern, opened Sept 2024, dedicated English site (vetcare-kl.de/en/), 4.9/5 across 175 reviews on own site explicitly praising the whole team speaking English; one review notes the clinic is temporarily not accepting new clients (capacity, not closure) - no closure signal"
2026-10-05,Erlebte Paarberatung (Doris &amp; Bernd Nickel),healthcare,kaiserslautern,post@erlebte-paarberatung.de,sent,"Systemic couples counseling practice in Carlsberg (~40 min from Kaiserslautern) with a dedicated English-language Kaiserslautern/Ramstein military-counseling page; Doris Nickel was married to a US Army officer for 15 years and counsels on deployment/reintegration/base-life strain specifically - same remote-but-explicitly-KMC-focused fit precedent as Dr. Michelle Ferrell (2026-08-31); no closure signal"
2026-10-05,American Speech Therapy / Praxis fuer Logopaedie im DLZ Ramstein (Steffi Lux),healthcare,kaiserslautern,info@logodlz.de,sent,"Speech/language/swallowing therapy practice inside the DLZ at Schulstrasse 2 Ramstein-Miesenbach, with a page explicitly branded 'American Speech Therapy' offering English-language service for children and adults in the KMC; directory listing updated 27.05.2026, no closure signal"
2026-10-05,Psychotherapy Practice Shirlene Oduber,healthcare,kaiserslautern,psychotherapy.oduber@yahoo.com,sent,"Psychotherapist in Huetschenhausen (Schubertstrasse 20, near Ramstein) seeing adults/adolescents in English/German/Dutch; own site psychotherapyoduber.com has a dedicated Contact page, directory listing updated 13.04.2026, no closure signal"
2026-10-05,Dr. Knauss OB/GYN,healthcare,kaiserslautern,,skipped_no_email,"Follow-up on the 2026-09-24 researched lead - confirmed today the OB/GYN surfacing in Ramstein-area searches (Petra Knauss) is actually registered/located in Mannheim, ~100km away, not a genuine KMC-area practice despite appearing in local search results; same location-mismatch disqualifier as taxpatation (2026-09-11). No email found either. Not recommended, not re-researched further"
2026-10-05,Tierarztpraxis Rahimi,healthcare,kaiserslautern,,researched,"Veterinarian at Lothringer Dell 48 Kaiserslautern, email info@vet-rahimi.de found on own domain, 613 reviews at 4.68/5 - but English fluency is only weakly corroborated (one secondhand search summary vs. predominantly German-language reviews), unlike VetCare's clearly-documented English team sent today; held back pending stronger English-service confirmation, worth a direct-site check next run"
2026-10-05,Podologische Fusspflege Praxis Stephanie Schumacher,healthcare,kaiserslautern,,researched,"Podiatry/foot-care practice in Ramstein-Miesenbach, email praxis.Schumacher@yahoo.de found - but no evidence found of English-language service, site appears German-only; not pursued without an English-service signal, logged so it isn't re-researched blind"
2026-10-07,LBS Cargo GmbH,home-services,kaiserslautern,,skipped_no_email,"Moving/furniture+kitchen assembly/cleaning company at Gaustr. 19 Kaiserslautern, 4.90/5 across 28 reviews updated within the last 12 months, no closure signal - a search summary suggested info@lbscargo.de but a direct quoted-string search for that exact address returned zero matches tied to lbscargo.de (only unrelated Lufthansa Cargo results), the same false-positive pattern as Hager Dental/Roadhouse Ktown/LBS's own domain never actually surfacing it - not used, not sent"
2026-10-07,ITO Moebeltransport GmbH,home-services,kaiserslautern,,researched,"Established international furniture-transport company (75+ years Germany/USA operations, Hall-of-Honor-inducted founder, 16 branches/200 employees) with a real branch at Carl-Zeiss-Strasse 10 Ramstein-Miesenbach (HRB 11359, Amtsgericht Zweibruecken) - strong US-military-adjacent fit, but two different emails surfaced for two different branches (JuergenG@itonet.de tied to the Koeln/corporate listing vs. bremen@ito-movers.de for the Bremen branch), neither clearly tied to the Ramstein location itself - held back per the never-reuse-ambiguous-address guardrail; worth a direct-site read of the Ramstein location page next run before emailing"
2026-10-07,MOVECLEANFIX,home-services,kaiserslautern,,researched,"Handyman/home-improvement/renovation service advertised via a Ramstein Bookoo classified ad (phone 01521 7896550) - same informal-classified-listing trust-flag pattern already logged for Move Clean Perfect (2026-09-09) and KMC Movers and Transport (2026-09-25); not recommended for outreach or the directory without the site owner's own diligence, logged so it isn't re-researched"
2026-10-07,Beiladung-Kaiserslautern / Erfolg Umzug / Kaiserslautern-Umzugsfirma,home-services,kaiserslautern,,researched,"Three same-pattern 'Umzugsunternehmen' domains (beiladung-kaiserslautern.de, erfolg-umzug.de, kaiserslautern-umzugsfirma.de) surfaced only via a generic business-listing aggregator (startbase.com/de), all sharing the same 01579-26xx/01579-24xx phone prefix pattern and an identically-templated listing structure also seen under 'beiladung-kiel' for a different city - looks like a templated SEO lead-gen/moving-broker network rather than three genuine distinct local businesses, same trust concern as the Move Clean Perfect/KMC Movers classified-ad pattern; not recommended, no email sent to any of the three"
2026-10-07,K9s in Camo Dog Care (Morgan Allen),home-services,kaiserslautern,,skipped_no_email,"American-owned, German-registered and insured pet-sitting/dog-walking business in Hochspeyer explicitly serving the Kaiserslautern and Ramstein communities, American Red Cross Cat/Dog First Aid certified - strong fit (first KMC pet-sitting lead) but no published email found despite repeated searches; only a Professional Pet Sitters directory profile (pro.petsitters.org/node/2971) and a Facebook page, no direct contact method surfaced - worth a follow-up look at the Facebook page or petsitters.org profile directly next run"
2026-10-07,Jakobs Dienstleistung (Landstuhl),home-services,kaiserslautern,,skipped_no_email,"Gardening/excavation/terrace-construction service at Raiffeisenstr. 41 Landstuhl - phone-only listing (0177 1674533), no published email found"
2026-10-07,Isabela Gebaeudereinigung & Hausmeisterservice (Landstuhl),home-services,kaiserslautern,,skipped_no_email,"Building cleaning/caretaker service at In Der Atzel 13 Landstuhl - phone-only listing (0177 3263721), no published email found"
2026-10-07,Meliva Physio Rehab Ramstein,healthcare,kaiserslautern,,skipped_no_email,"Physiotherapy/rehab health center (manual therapy, sports physio, 4D gait analysis, women's health) at Kindsbacher Str. 39d Ramstein-Miesenbach, part of the Meliva clinic group with a dedicated English-language site (meliva.de/en) explicitly serving American patients alongside privately-insured German patients - strong fit but the site uses a booking-widget/phone contact (06371 9520408) only, no email surfaced in search; worth a follow-up look at the booking widget or a direct-site contact-page check next run"
2026-10-07,Immobilien Konradi (Ramstein-Miesenbach),real-estate,kaiserslautern,,skipped_no_email,"Real estate broker since 2009, 10-employee team, at Landstuhler Str. 1 Ramstein-Miesenbach - phone-only listing via JaCasa profile, no published email found"
2026-10-07,ImmoTeam Jakob (Weilerbach),real-estate,kaiserslautern,,skipped_no_email,"Real estate broker at Hauptstr. 11 Weilerbach, 5.0/181 reviews, explicitly specializes in renting to US Americans near Ramstein Air Base - strong fit but phone-only listing found, no published email despite repeated searches; worth a follow-up direct-site check next run"
2026-10-07,Mitchell Consulting (Ramstein-Miesenbach),real-estate,kaiserslautern,,skipped_no_email,"Real estate broker since 2017 at Kindsbacher Str. 58 Ramstein-Miesenbach - phone-only JaCasa listing, no published email found"
2026-10-07,SAPPHIRE Apartments / OPAL Apartments (Huetschenhausen/Kindsbach),real-estate,kaiserslautern,,skipped_no_email,"Two furnished TDY/TLA apartment properties near Ramstein AB (Hauptstrasse 120B Huetschenhausen; Kaiserstrasse 86 Kindsbach) - phone-only listings for both, no published email or dedicated website surfaced despite repeated searches; worth a follow-up next run"
